Model,CR,Fertility,Train Time (s)
SPEC-BPE,1.2128205128205127,6.842105263157895,15.272506475448608
Tiktoken,5.493612078977932,1.5105263157894737,0.0
GPT-2,4.37962962962963,1.894736842105263,0.0
